{
  "timestamp": "2025-10-19T21:31:46.827529",
  "without_circuit_breaker": {
    "request_count": 300,
    "failure_count": 300,
    "avg_response_time": 30010.8824218133,
    "min_response_time": 30002.824791998137,
    "max_response_time": 30030.042499995034,
    "requests_per_sec": 2.934663035974339,
    "failure_rate": 100.0
  },
  "with_circuit_breaker": {
    "request_count": 7659,
    "failure_count": 7659,
    "avg_response_time": 4.977164806638183,
    "min_response_time": 0.6552080012625083,
    "max_response_time": 67.14437499613268,
    "requests_per_sec": 64.22115294036435,
    "failure_rate": 100.0
  }
}