Type,Name,Request Count,Failure Count,Median Response Time,Average Response Time,Min Response Time,Max Response Time,Average Content Size,Requests/s,Failures/s,50%,66%,75%,80%,90%,95%,98%,99%,99.9%,99.99%,100%
GET,/product-details/[id],300,300,30002.641749997565,30011.64564499,30002.641749997565,30034.59391600336,30.0,2.9181000854244235,2.9181000854244235,30000,30000,30000,30000,30000,30000,30000,30000,30000,30000,30000
,Aggregated,300,300,30002.641749997565,30011.64564499,30002.641749997565,30034.59391600336,30.0,2.9181000854244235,2.9181000854244235,30000,30000,30000,30000,30000,30000,30000,30000,30000,30000,30000
