Type,Name,Request Count,Failure Count,Median Response Time,Average Response Time,Min Response Time,Max Response Time,Average Content Size,Requests/s,Failures/s,50%,66%,75%,80%,90%,95%,98%,99%,99.9%,99.99%,100%
GET,/product-details/[id],7659,7659,4,4.977164806638183,0.6552080012625083,67.14437499613268,30.0,64.22115294036435,64.22115294036435,4,5,5,6,7,10,14,17,35,67,67
,Aggregated,7659,7659,4,4.977164806638183,0.6552080012625083,67.14437499613268,30.0,64.22115294036435,64.22115294036435,4,5,5,6,7,10,14,17,35,67,67
